Date,GEO Region_Asia,GEO Region_Australia / Oceania,GEO Region_Canada,GEO Region_Europe,GEO Region_Mexico,Passenger Count,GEO Region_US
2005-07-31,0.0,0.0,0.0,0.0,0.0,13355.0,0.0
2005-07-31,0.0,0.0,0.0,0.0,1.0,56442.0,0.0
2005-07-31,0.0,0.0,0.0,1.0,0.0,222532.0,0.0
2005-07-31,0.0,0.0,1.0,0.0,0.0,123051.0,0.0
2005-07-31,0.0,1.0,0.0,0.0,0.0,29567.0,0.0
2005-07-31,1.0,0.0,0.0,0.0,0.0,363467.0,0.0
2005-07-31,0.0,0.0,0.0,0.0,0.0,2100246.0,1.0
2005-07-31,0.0,0.0,0.0,0.0,0.0,346137.0,1.0
2005-08-31,0.0,0.0,0.0,0.0,0.0,12485.0,0.0
2005-08-31,0.0,0.0,0.0,0.0,1.0,52608.0,0.0
2005-08-31,0.0,0.0,0.0,1.0,0.0,219086.0,0.0
2005-08-31,0.0,0.0,1.0,0.0,0.0,124737.0,0.0
2005-08-31,0.0,1.0,0.0,0.0,0.0,28405.0,0.0
2005-08-31,1.0,0.0,0.0,0.0,0.0,361018.0,0.0
2005-08-31,0.0,0.0,0.0,0.0,0.0,2089079.0,1.0
2005-08-31,0.0,0.0,0.0,0.0,0.0,336700.0,1.0
2005-09-30,0.0,0.0,0.0,0.0,0.0,7319.0,0.0
2005-09-30,0.0,0.0,0.0,0.0,1.0,35443.0,0.0
2005-09-30,0.0,0.0,0.0,1.0,0.0,210489.0,0.0
2005-09-30,0.0,0.0,1.0,0.0,0.0,98753.0,0.0
2005-09-30,0.0,1.0,0.0,0.0,0.0,27186.0,0.0
2005-09-30,1.0,0.0,0.0,0.0,0.0,300397.0,0.0
2005-09-30,0.0,0.0,0.0,0.0,0.0,1777076.0,1.0
2005-09-30,0.0,0.0,0.0,0.0,0.0,307856.0,1.0
2005-10-31,0.0,0.0,0.0,0.0,0.0,7564.0,0.0
2005-10-31,0.0,0.0,0.0,0.0,1.0,49894.0,0.0
2005-10-31,0.0,0.0,0.0,1.0,0.0,196001.0,0.0
2005-10-31,0.0,0.0,1.0,0.0,0.0,86047.0,0.0
2005-10-31,0.0,1.0,0.0,0.0,0.0,25372.0,0.0
2005-10-31,1.0,0.0,0.0,0.0,0.0,319816.0,0.0
2005-10-31,0.0,0.0,0.0,0.0,0.0,1784269.0,1.0
2005-10-31,0.0,0.0,0.0,0.0,0.0,329517.0,1.0
2005-11-30,0.0,0.0,0.0,0.0,0.0,8364.0,0.0
2005-11-30,0.0,0.0,0.0,0.0,1.0,58119.0,0.0
2005-11-30,0.0,0.0,0.0,1.0,0.0,151668.0,0.0
2005-11-30,0.0,0.0,1.0,0.0,0.0,72741.0,0.0
2005-11-30,0.0,0.0,1.0,0.0,0.0,568.0,0.0
2005-11-30,0.0,1.0,0.0,0.0,0.0,26931.0,0.0
2005-11-30,1.0,0.0,0.0,0.0,0.0,307228.0,0.0
2005-11-30,0.0,0.0,0.0,0.0,0.0,1698639.0,1.0
2005-11-30,0.0,0.0,0.0,0.0,0.0,314373.0,1.0
2005-12-31,0.0,0.0,0.0,0.0,0.0,12907.0,0.0
2005-12-31,0.0,0.0,0.0,0.0,1.0,64746.0,0.0
2005-12-31,0.0,0.0,0.0,1.0,0.0,151876.0,0.0
2005-12-31,0.0,0.0,1.0,0.0,0.0,85064.0,0.0
2005-12-31,0.0,1.0,0.0,0.0,0.0,35135.0,0.0
2005-12-31,1.0,0.0,0.0,0.0,0.0,325298.0,0.0
2005-12-31,0.0,0.0,0.0,0.0,0.0,1709490.0,1.0
2005-12-31,0.0,0.0,0.0,0.0,0.0,311568.0,1.0
2006-01-31,0.0,0.0,0.0,0.0,0.0,11558.0,0.0
2006-01-31,0.0,0.0,0.0,0.0,1.0,65369.0,0.0
2006-01-31,0.0,0.0,0.0,1.0,0.0,152097.0,0.0
2006-01-31,0.0,0.0,1.0,0.0,0.0,75681.0,0.0
2006-01-31,0.0,1.0,0.0,0.0,0.0,36438.0,0.0
2006-01-31,1.0,0.0,0.0,0.0,0.0,337328.0,0.0
2006-01-31,0.0,0.0,0.0,0.0,0.0,1515454.0,1.0
2006-01-31,0.0,0.0,0.0,0.0,0.0,277787.0,1.0
2006-02-28,0.0,0.0,0.0,0.0,0.0,8114.0,0.0
2006-02-28,0.0,0.0,0.0,0.0,1.0,58797.0,0.0
2006-02-28,0.0,0.0,0.0,1.0,0.0,125598.0,0.0
2006-02-28,0.0,0.0,1.0,0.0,0.0,75953.0,0.0
2006-02-28,0.0,1.0,0.0,0.0,0.0,29059.0,0.0
2006-02-28,1.0,0.0,0.0,0.0,0.0,279825.0,0.0
2006-02-28,0.0,0.0,0.0,0.0,0.0,1414383.0,1.0
2006-02-28,0.0,0.0,0.0,0.0,0.0,255526.0,1.0
2006-03-31,0.0,0.0,0.0,0.0,0.0,8831.0,0.0
2006-03-31,0.0,0.0,0.0,0.0,1.0,66895.0,0.0
2006-03-31,0.0,0.0,0.0,1.0,0.0,167914.0,0.0
2006-03-31,0.0,0.0,1.0,0.0,0.0,91996.0,0.0
2006-03-31,0.0,1.0,0.0,0.0,0.0,32297.0,0.0
2006-03-31,1.0,0.0,0.0,0.0,0.0,329656.0,0.0
2006-03-31,0.0,0.0,0.0,0.0,0.0,1738688.0,1.0
2006-03-31,0.0,0.0,0.0,0.0,0.0,302453.0,1.0
2006-04-30,0.0,0.0,0.0,0.0,0.0,8936.0,0.0
2006-04-30,0.0,0.0,0.0,0.0,1.0,70912.0,0.0
2006-04-30,0.0,0.0,0.0,1.0,0.0,188428.0,0.0
2006-04-30,0.0,0.0,1.0,0.0,0.0,90916.0,0.0
2006-04-30,0.0,1.0,0.0,0.0,0.0,34982.0,0.0
2006-04-30,1.0,0.0,0.0,0.0,0.0,326775.0,0.0
2006-04-30,0.0,0.0,0.0,0.0,0.0,1745803.0,1.0
2006-04-30,0.0,0.0,0.0,0.0,0.0,325661.0,1.0
2006-05-31,0.0,0.0,0.0,0.0,0.0,8854.0,0.0
2006-05-31,0.0,0.0,0.0,0.0,1.0,54840.0,0.0
2006-05-31,0.0,0.0,0.0,1.0,0.0,197401.0,0.0
2006-05-31,0.0,0.0,1.0,0.0,0.0,98411.0,0.0
2006-05-31,0.0,1.0,0.0,0.0,0.0,31516.0,0.0
2006-05-31,1.0,0.0,0.0,0.0,0.0,347529.0,0.0
2006-05-31,0.0,0.0,0.0,0.0,0.0,1858681.0,1.0
2006-05-31,0.0,0.0,0.0,0.0,0.0,249168.0,1.0
2006-06-30,0.0,0.0,0.0,0.0,0.0,9776.0,0.0
2006-06-30,0.0,0.0,0.0,0.0,1.0,60041.0,0.0
2006-06-30,0.0,0.0,0.0,1.0,0.0,206720.0,0.0
2006-06-30,0.0,0.0,1.0,0.0,0.0,110620.0,0.0
2006-06-30,0.0,1.0,0.0,0.0,0.0,43293.0,0.0
2006-06-30,1.0,0.0,0.0,0.0,0.0,363732.0,0.0
2006-06-30,0.0,0.0,0.0,0.0,0.0,2019054.0,1.0
2006-06-30,0.0,0.0,0.0,0.0,0.0,278601.0,1.0
2006-07-31,0.0,0.0,0.0,0.0,0.0,12459.0,0.0
2006-07-31,0.0,0.0,0.0,0.0,1.0,65494.0,0.0
2006-07-31,0.0,0.0,0.0,1.0,0.0,215727.0,0.0
2006-07-31,0.0,0.0,1.0,0.0,0.0,134692.0,0.0
2006-07-31,0.0,1.0,0.0,0.0,0.0,51426.0,0.0
2006-07-31,1.0,0.0,0.0,0.0,0.0,366890.0,0.0
2006-07-31,0.0,0.0,0.0,0.0,0.0,2102346.0,1.0
2006-07-31,0.0,0.0,0.0,0.0,0.0,299874.0,1.0
2006-08-31,0.0,0.0,0.0,0.0,0.0,11185.0,0.0
2006-08-31,0.0,0.0,0.0,0.0,1.0,60547.0,0.0
2006-08-31,0.0,0.0,0.0,1.0,0.0,209005.0,0.0
2006-08-31,0.0,0.0,1.0,0.0,0.0,138413.0,0.0
2006-08-31,0.0,1.0,0.0,0.0,0.0,43707.0,0.0
2006-08-31,1.0,0.0,0.0,0.0,0.0,359767.0,0.0
2006-08-31,0.0,0.0,0.0,0.0,0.0,2046778.0,1.0
2006-08-31,0.0,0.0,0.0,0.0,0.0,295624.0,1.0
2006-09-30,0.0,0.0,0.0,0.0,0.0,6236.0,0.0
2006-09-30,0.0,0.0,0.0,0.0,1.0,36209.0,0.0
2006-09-30,0.0,0.0,0.0,1.0,0.0,199915.0,0.0
2006-09-30,0.0,0.0,1.0,0.0,0.0,105686.0,0.0
2006-09-30,0.0,1.0,0.0,0.0,0.0,37491.0,0.0
2006-09-30,1.0,0.0,0.0,0.0,0.0,310117.0,0.0
2006-09-30,0.0,0.0,0.0,0.0,0.0,1811995.0,1.0
2006-09-30,0.0,0.0,0.0,0.0,0.0,230670.0,1.0
2006-10-31,0.0,0.0,0.0,0.0,0.0,6479.0,0.0
2006-10-31,0.0,0.0,0.0,0.0,1.0,49559.0,0.0
2006-10-31,0.0,0.0,0.0,1.0,0.0,190765.0,0.0
2006-10-31,0.0,0.0,1.0,0.0,0.0,96181.0,0.0
2006-10-31,0.0,1.0,0.0,0.0,0.0,38135.0,0.0
2006-10-31,1.0,0.0,0.0,0.0,0.0,336711.0,0.0
2006-10-31,0.0,0.0,0.0,0.0,0.0,1886955.0,1.0
2006-10-31,0.0,0.0,0.0,0.0,0.0,247160.0,1.0
2006-11-30,0.0,0.0,0.0,0.0,0.0,8051.0,0.0
2006-11-30,0.0,0.0,0.0,0.0,1.0,62252.0,0.0
2006-11-30,0.0,0.0,0.0,1.0,0.0,154520.0,0.0
2006-11-30,0.0,0.0,1.0,0.0,0.0,84196.0,0.0
2006-11-30,0.0,1.0,0.0,0.0,0.0,37604.0,0.0
2006-11-30,1.0,0.0,0.0,0.0,0.0,326283.0,0.0
2006-11-30,0.0,0.0,0.0,0.0,0.0,1753164.0,1.0
2006-11-30,0.0,0.0,0.0,0.0,0.0,245367.0,1.0
2006-12-31,0.0,0.0,0.0,0.0,0.0,10776.0,0.0
2006-12-31,0.0,0.0,0.0,0.0,1.0,66137.0,0.0
2006-12-31,0.0,0.0,0.0,1.0,0.0,162866.0,0.0
2006-12-31,0.0,0.0,1.0,0.0,0.0,97078.0,0.0
2006-12-31,0.0,1.0,0.0,0.0,0.0,50131.0,0.0
2006-12-31,1.0,0.0,0.0,0.0,0.0,335538.0,0.0
2006-12-31,0.0,0.0,0.0,0.0,0.0,1758775.0,1.0
2006-12-31,0.0,0.0,0.0,0.0,0.0,236129.0,1.0
2007-01-31,0.0,0.0,0.0,0.0,0.0,10213.0,0.0
2007-01-31,0.0,0.0,0.0,0.0,1.0,57581.0,0.0
2007-01-31,0.0,0.0,0.0,1.0,0.0,160052.0,0.0
2007-01-31,0.0,0.0,1.0,0.0,0.0,91428.0,0.0
2007-01-31,0.0,1.0,0.0,0.0,0.0,52567.0,0.0
2007-01-31,1.0,0.0,0.0,0.0,0.0,348352.0,0.0
2007-01-31,0.0,0.0,0.0,0.0,0.0,1593092.0,1.0
2007-01-31,0.0,0.0,0.0,0.0,0.0,213751.0,1.0
2007-02-28,0.0,0.0,0.0,0.0,0.0,8060.0,0.0
2007-02-28,0.0,0.0,0.0,0.0,1.0,48449.0,0.0
2007-02-28,0.0,0.0,0.0,1.0,0.0,136934.0,0.0
2007-02-28,0.0,0.0,1.0,0.0,0.0,88899.0,0.0
2007-02-28,0.0,1.0,0.0,0.0,0.0,37745.0,0.0
2007-02-28,1.0,0.0,0.0,0.0,0.0,300871.0,0.0
2007-02-28,0.0,0.0,0.0,0.0,0.0,1499555.0,1.0
2007-02-28,0.0,0.0,0.0,0.0,0.0,203009.0,1.0
2007-03-31,0.0,0.0,0.0,0.0,0.0,9346.0,0.0
2007-03-31,0.0,0.0,0.0,0.0,1.0,56891.0,0.0
2007-03-31,0.0,0.0,0.0,1.0,0.0,177862.0,0.0
2007-03-31,0.0,0.0,1.0,0.0,0.0,101439.0,0.0
2007-03-31,0.0,1.0,0.0,0.0,0.0,40712.0,0.0
2007-03-31,1.0,0.0,0.0,0.0,0.0,359749.0,0.0
2007-03-31,0.0,0.0,0.0,0.0,0.0,1847230.0,1.0
2007-03-31,0.0,0.0,0.0,0.0,0.0,250915.0,1.0
2007-04-30,0.0,0.0,0.0,0.0,0.0,8740.0,0.0
2007-04-30,0.0,0.0,0.0,0.0,1.0,59705.0,0.0
2007-04-30,0.0,0.0,0.0,1.0,0.0,195461.0,0.0
2007-04-30,0.0,0.0,1.0,0.0,0.0,101235.0,0.0
2007-04-30,0.0,1.0,0.0,0.0,0.0,41399.0,0.0
2007-04-30,1.0,0.0,0.0,0.0,0.0,337435.0,0.0
2007-04-30,0.0,0.0,0.0,0.0,0.0,1882894.0,1.0
2007-04-30,0.0,0.0,0.0,0.0,0.0,264577.0,1.0
2007-05-31,0.0,0.0,0.0,0.0,0.0,8809.0,0.0
2007-05-31,0.0,0.0,0.0,0.0,1.0,51609.0,0.0
2007-05-31,0.0,0.0,0.0,1.0,0.0,209613.0,0.0
2007-05-31,0.0,0.0,1.0,0.0,0.0,114249.0,0.0
2007-05-31,0.0,1.0,0.0,0.0,0.0,37227.0,0.0
2007-05-31,1.0,0.0,0.0,0.0,0.0,360350.0,0.0
2007-05-31,0.0,0.0,0.0,0.0,0.0,1986805.0,1.0
2007-05-31,0.0,0.0,0.0,0.0,0.0,311805.0,1.0
2007-06-30,0.0,0.0,0.0,0.0,0.0,12587.0,0.0
2007-06-30,0.0,0.0,0.0,0.0,1.0,56542.0,0.0
2007-06-30,0.0,0.0,0.0,1.0,0.0,212568.0,0.0
2007-06-30,0.0,0.0,1.0,0.0,0.0,115000.0,0.0
2007-06-30,0.0,1.0,0.0,0.0,0.0,45749.0,0.0
2007-06-30,1.0,0.0,0.0,0.0,0.0,379696.0,0.0
2007-06-30,0.0,0.0,0.0,0.0,0.0,2116267.0,1.0
2007-06-30,0.0,0.0,0.0,0.0,0.0,348323.0,1.0
2007-07-31,0.0,0.0,0.0,0.0,0.0,16484.0,0.0
2007-07-31,0.0,0.0,0.0,0.0,1.0,62011.0,0.0
2007-07-31,0.0,0.0,0.0,1.0,0.0,220747.0,0.0
2007-07-31,0.0,0.0,1.0,0.0,0.0,139887.0,0.0
2007-07-31,0.0,1.0,0.0,0.0,0.0,49187.0,0.0
2007-07-31,1.0,0.0,0.0,0.0,0.0,389657.0,0.0
2007-07-31,0.0,0.0,0.0,0.0,0.0,2170136.0,1.0
2007-07-31,0.0,0.0,0.0,0.0,0.0,356816.0,1.0
2007-08-31,0.0,0.0,0.0,0.0,0.0,14979.0,0.0
2007-08-31,0.0,0.0,0.0,0.0,1.0,58960.0,0.0
2007-08-31,0.0,0.0,0.0,1.0,0.0,218578.0,0.0
2007-08-31,0.0,0.0,1.0,0.0,0.0,145975.0,0.0
2007-08-31,0.0,1.0,0.0,0.0,0.0,45548.0,0.0
2007-08-31,1.0,0.0,0.0,0.0,0.0,382588.0,0.0
2007-08-31,0.0,0.0,0.0,0.0,0.0,2190119.0,1.0
2007-08-31,0.0,0.0,0.0,0.0,0.0,403168.0,1.0
2007-09-30,0.0,0.0,0.0,0.0,0.0,9044.0,0.0
2007-09-30,0.0,0.0,0.0,0.0,1.0,36456.0,0.0
2007-09-30,0.0,0.0,0.0,1.0,0.0,211534.0,0.0
2007-09-30,0.0,0.0,1.0,0.0,0.0,114516.0,0.0
2007-09-30,0.0,0.0,1.0,0.0,0.0,423.0,0.0
2007-09-30,0.0,1.0,0.0,0.0,0.0,40719.0,0.0
2007-09-30,1.0,0.0,0.0,0.0,0.0,337826.0,0.0
2007-09-30,0.0,0.0,0.0,0.0,0.0,1821796.0,1.0
2007-09-30,0.0,0.0,0.0,0.0,0.0,401395.0,1.0
2007-10-31,0.0,0.0,0.0,0.0,0.0,9064.0,0.0
2007-10-31,0.0,0.0,0.0,0.0,1.0,50229.0,0.0
2007-10-31,0.0,0.0,0.0,1.0,0.0,208521.0,0.0
2007-10-31,0.0,0.0,1.0,0.0,0.0,104472.0,0.0
2007-10-31,0.0,1.0,0.0,0.0,0.0,42677.0,0.0
2007-10-31,1.0,0.0,0.0,0.0,0.0,352981.0,0.0
2007-10-31,0.0,0.0,0.0,0.0,0.0,1990276.0,1.0
2007-10-31,0.0,0.0,0.0,0.0,0.0,388545.0,1.0
2007-11-30,0.0,0.0,0.0,0.0,0.0,9277.0,0.0
2007-11-30,0.0,0.0,0.0,0.0,1.0,58305.0,0.0
2007-11-30,0.0,0.0,0.0,1.0,0.0,175099.0,0.0
2007-11-30,0.0,0.0,1.0,0.0,0.0,87483.0,0.0
2007-11-30,0.0,1.0,0.0,0.0,0.0,39979.0,0.0
2007-11-30,1.0,0.0,0.0,0.0,0.0,344486.0,0.0
2007-11-30,0.0,0.0,0.0,0.0,0.0,1829779.0,1.0
2007-11-30,0.0,0.0,0.0,0.0,0.0,390507.0,1.0
2007-12-31,0.0,0.0,0.0,0.0,0.0,13049.0,0.0
2007-12-31,0.0,0.0,0.0,0.0,1.0,65167.0,0.0
2007-12-31,0.0,0.0,0.0,1.0,0.0,179039.0,0.0
2007-12-31,0.0,0.0,1.0,0.0,0.0,98135.0,0.0
2007-12-31,0.0,1.0,0.0,0.0,0.0,50322.0,0.0
2007-12-31,1.0,0.0,0.0,0.0,0.0,360381.0,0.0
2007-12-31,0.0,0.0,0.0,0.0,0.0,1763389.0,1.0
2007-12-31,0.0,0.0,0.0,0.0,0.0,387776.0,1.0
2008-01-31,0.0,0.0,0.0,0.0,0.0,11168.0,0.0
2008-01-31,0.0,0.0,0.0,0.0,1.0,58779.0,0.0
2008-01-31,0.0,0.0,0.0,1.0,0.0,167343.0,0.0
2008-01-31,0.0,0.0,1.0,0.0,0.0,90660.0,0.0
2008-01-31,0.0,1.0,0.0,0.0,0.0,53442.0,0.0
2008-01-31,1.0,0.0,0.0,0.0,0.0,378295.0,0.0
2008-01-31,0.0,0.0,0.0,0.0,0.0,1583282.0,1.0
2008-01-31,0.0,0.0,0.0,0.0,0.0,342406.0,1.0
2008-02-29,0.0,0.0,0.0,0.0,0.0,7264.0,0.0
2008-02-29,0.0,0.0,0.0,0.0,1.0,53843.0,0.0
2008-02-29,0.0,0.0,0.0,1.0,0.0,149247.0,0.0
2008-02-29,0.0,0.0,1.0,0.0,0.0,93411.0,0.0
2008-02-29,0.0,1.0,0.0,0.0,0.0,42242.0,0.0
2008-02-29,1.0,0.0,0.0,0.0,0.0,321373.0,0.0
2008-02-29,0.0,0.0,0.0,0.0,0.0,1586556.0,1.0
2008-02-29,0.0,0.0,0.0,0.0,0.0,359913.0,1.0
2008-03-31,0.0,0.0,0.0,0.0,0.0,8227.0,0.0
2008-03-31,0.0,0.0,0.0,0.0,1.0,63045.0,0.0
2008-03-31,0.0,0.0,0.0,1.0,0.0,194506.0,0.0
2008-03-31,0.0,0.0,1.0,0.0,0.0,104802.0,0.0
2008-03-31,0.0,1.0,0.0,0.0,0.0,42932.0,0.0
2008-03-31,1.0,0.0,0.0,0.0,0.0,379110.0,0.0
2008-03-31,0.0,0.0,0.0,0.0,0.0,1867129.0,1.0
2008-03-31,0.0,0.0,0.0,0.0,0.0,487219.0,1.0
2008-04-30,0.0,0.0,0.0,0.0,0.0,7399.0,0.0
2008-04-30,0.0,0.0,0.0,0.0,1.0,58816.0,0.0
2008-04-30,0.0,0.0,0.0,1.0,0.0,199628.0,0.0
2008-04-30,0.0,0.0,1.0,0.0,0.0,96055.0,0.0
2008-04-30,0.0,1.0,0.0,0.0,0.0,37102.0,0.0
2008-04-30,1.0,0.0,0.0,0.0,0.0,340038.0,0.0
2008-04-30,0.0,0.0,0.0,0.0,0.0,1823124.0,1.0
2008-04-30,0.0,0.0,0.0,0.0,0.0,485843.0,1.0
2008-05-31,0.0,0.0,0.0,0.0,0.0,5162.0,0.0
2008-05-31,0.0,0.0,0.0,0.0,1.0,57070.0,0.0
2008-05-31,0.0,0.0,0.0,1.0,0.0,216169.0,0.0
2008-05-31,0.0,0.0,1.0,0.0,0.0,110530.0,0.0
2008-05-31,0.0,1.0,0.0,0.0,0.0,36545.0,0.0
2008-05-31,1.0,0.0,0.0,0.0,0.0,370090.0,0.0
2008-05-31,0.0,0.0,0.0,0.0,0.0,1960140.0,1.0
2008-05-31,0.0,0.0,0.0,0.0,0.0,565677.0,1.0
2008-06-30,0.0,0.0,0.0,0.0,0.0,7494.0,0.0
2008-06-30,0.0,0.0,0.0,0.0,1.0,62011.0,0.0
2008-06-30,0.0,0.0,0.0,1.0,0.0,223599.0,0.0
2008-06-30,0.0,0.0,1.0,0.0,0.0,116339.0,0.0
2008-06-30,0.0,1.0,0.0,0.0,0.0,40341.0,0.0
2008-06-30,1.0,0.0,0.0,0.0,0.0,386119.0,0.0
2008-06-30,0.0,0.0,0.0,0.0,0.0,2032404.0,1.0
2008-06-30,0.0,0.0,0.0,0.0,0.0,598221.0,1.0
2008-07-31,0.0,0.0,0.0,0.0,0.0,10288.0,0.0
2008-07-31,0.0,0.0,0.0,0.0,1.0,60962.0,0.0
2008-07-31,0.0,0.0,0.0,1.0,0.0,234283.0,0.0
2008-07-31,0.0,0.0,1.0,0.0,0.0,134388.0,0.0
2008-07-31,0.0,1.0,0.0,0.0,0.0,43726.0,0.0
2008-07-31,1.0,0.0,0.0,0.0,0.0,392930.0,0.0
2008-07-31,0.0,0.0,0.0,0.0,0.0,2123523.0,1.0
2008-07-31,0.0,0.0,0.0,0.0,0.0,621651.0,1.0
2008-08-31,0.0,0.0,0.0,0.0,0.0,8899.0,0.0
2008-08-31,0.0,0.0,0.0,0.0,1.0,62349.0,0.0
2008-08-31,0.0,0.0,0.0,1.0,0.0,232390.0,0.0
2008-08-31,0.0,0.0,1.0,0.0,0.0,142069.0,0.0
2008-08-31,0.0,1.0,0.0,0.0,0.0,40485.0,0.0
2008-08-31,1.0,0.0,0.0,0.0,0.0,393995.0,0.0
2008-08-31,0.0,0.0,0.0,0.0,0.0,2117505.0,1.0
2008-08-31,0.0,0.0,0.0,0.0,0.0,632137.0,1.0
2008-09-30,0.0,0.0,0.0,0.0,0.0,7620.0,0.0
2008-09-30,0.0,0.0,0.0,0.0,1.0,33846.0,0.0
2008-09-30,0.0,0.0,0.0,1.0,0.0,221841.0,0.0
2008-09-30,0.0,0.0,1.0,0.0,0.0,102260.0,0.0
2008-09-30,0.0,1.0,0.0,0.0,0.0,38990.0,0.0
2008-09-30,1.0,0.0,0.0,0.0,0.0,310644.0,0.0
2008-09-30,0.0,0.0,0.0,0.0,0.0,1807122.0,1.0
2008-09-30,0.0,0.0,0.0,0.0,0.0,490513.0,1.0
2008-10-31,0.0,0.0,0.0,0.0,0.0,7986.0,0.0
2008-10-31,0.0,0.0,0.0,0.0,1.0,37557.0,0.0
2008-10-31,0.0,0.0,0.0,1.0,0.0,210198.0,0.0
2008-10-31,0.0,0.0,1.0,0.0,0.0,95849.0,0.0
2008-10-31,0.0,1.0,0.0,0.0,0.0,38462.0,0.0
2008-10-31,1.0,0.0,0.0,0.0,0.0,328000.0,0.0
2008-10-31,0.0,0.0,0.0,0.0,0.0,1892015.0,1.0
2008-10-31,0.0,0.0,0.0,0.0,0.0,523139.0,1.0
2008-11-30,0.0,0.0,0.0,0.0,0.0,7663.0,0.0
2008-11-30,0.0,0.0,0.0,0.0,1.0,48528.0,0.0
2008-11-30,0.0,0.0,0.0,1.0,0.0,150027.0,0.0
2008-11-30,0.0,0.0,1.0,0.0,0.0,71958.0,0.0
2008-11-30,0.0,1.0,0.0,0.0,0.0,36994.0,0.0
2008-11-30,1.0,0.0,0.0,0.0,0.0,304095.0,0.0
2008-11-30,0.0,0.0,0.0,0.0,0.0,1645013.0,1.0
2008-11-30,0.0,0.0,0.0,0.0,0.0,487669.0,1.0
2008-12-31,0.0,0.0,0.0,0.0,0.0,13862.0,0.0
2008-12-31,0.0,0.0,0.0,0.0,1.0,58463.0,0.0
2008-12-31,0.0,0.0,0.0,1.0,0.0,166157.0,0.0
2008-12-31,0.0,0.0,1.0,0.0,0.0,88543.0,0.0
2008-12-31,0.0,1.0,0.0,0.0,0.0,45526.0,0.0
2008-12-31,1.0,0.0,0.0,0.0,0.0,330399.0,0.0
2008-12-31,0.0,0.0,0.0,0.0,0.0,1749763.0,1.0
2008-12-31,0.0,0.0,0.0,0.0,0.0,518149.0,1.0
2009-01-31,0.0,0.0,0.0,0.0,0.0,16069.0,0.0
2009-01-31,0.0,0.0,0.0,0.0,1.0,51445.0,0.0
2009-01-31,0.0,0.0,0.0,1.0,0.0,153310.0,0.0
2009-01-31,0.0,0.0,1.0,0.0,0.0,75566.0,0.0
2009-01-31,0.0,1.0,0.0,0.0,0.0,47400.0,0.0
2009-01-31,1.0,0.0,0.0,0.0,0.0,334914.0,0.0
2009-01-31,0.0,0.0,0.0,0.0,0.0,1613521.0,1.0
2009-01-31,0.0,0.0,0.0,0.0,0.0,362635.0,1.0
2009-02-28,0.0,0.0,0.0,0.0,0.0,12296.0,0.0
2009-02-28,0.0,0.0,0.0,0.0,1.0,47760.0,0.0
2009-02-28,0.0,0.0,0.0,1.0,0.0,119983.0,0.0
2009-02-28,0.0,0.0,1.0,0.0,0.0,73692.0,0.0
2009-02-28,0.0,1.0,0.0,0.0,0.0,35011.0,0.0
2009-02-28,1.0,0.0,0.0,0.0,0.0,250323.0,0.0
2009-02-28,0.0,0.0,0.0,0.0,0.0,1476967.0,1.0
2009-02-28,0.0,0.0,0.0,0.0,0.0,352750.0,1.0
2009-03-31,0.0,0.0,0.0,0.0,0.0,14485.0,0.0
2009-03-31,0.0,0.0,0.0,0.0,1.0,57890.0,0.0
2009-03-31,0.0,0.0,0.0,1.0,0.0,160812.0,0.0
2009-03-31,0.0,0.0,1.0,0.0,0.0,85111.0,0.0
2009-03-31,0.0,1.0,0.0,0.0,0.0,37164.0,0.0
2009-03-31,1.0,0.0,0.0,0.0,0.0,293548.0,0.0
2009-03-31,0.0,0.0,0.0,0.0,0.0,1835670.0,1.0
2009-03-31,0.0,0.0,0.0,0.0,0.0,451612.0,1.0
2009-04-30,0.0,0.0,0.0,0.0,0.0,14091.0,0.0
2009-04-30,0.0,0.0,0.0,0.0,1.0,59554.0,0.0
2009-04-30,0.0,0.0,0.0,1.0,0.0,197780.0,0.0
2009-04-30,0.0,0.0,1.0,0.0,0.0,83672.0,0.0
2009-04-30,0.0,1.0,0.0,0.0,0.0,36814.0,0.0
2009-04-30,1.0,0.0,0.0,0.0,0.0,302984.0,0.0
2009-04-30,0.0,0.0,0.0,0.0,0.0,1880014.0,1.0
2009-04-30,0.0,0.0,0.0,0.0,0.0,460317.0,1.0
2009-05-31,0.0,0.0,0.0,0.0,0.0,20168.0,0.0
2009-05-31,0.0,0.0,0.0,0.0,1.0,35689.0,0.0
2009-05-31,0.0,0.0,0.0,1.0,0.0,204936.0,0.0
2009-05-31,0.0,0.0,1.0,0.0,0.0,100993.0,0.0
2009-05-31,0.0,1.0,0.0,0.0,0.0,36435.0,0.0
2009-05-31,1.0,0.0,0.0,0.0,0.0,295705.0,0.0
2009-05-31,0.0,0.0,0.0,0.0,0.0,1943994.0,1.0
2009-05-31,0.0,0.0,0.0,0.0,0.0,548289.0,1.0
2009-06-30,0.0,0.0,0.0,0.0,0.0,24600.0,0.0
2009-06-30,0.0,0.0,0.0,0.0,1.0,56249.0,0.0
2009-06-30,0.0,0.0,0.0,1.0,0.0,215168.0,0.0
2009-06-30,0.0,0.0,1.0,0.0,0.0,110719.0,0.0
2009-06-30,0.0,1.0,0.0,0.0,0.0,39984.0,0.0
2009-06-30,1.0,0.0,0.0,0.0,0.0,324794.0,0.0
2009-06-30,0.0,0.0,0.0,0.0,0.0,2087141.0,1.0
2009-06-30,0.0,0.0,0.0,0.0,0.0,573455.0,1.0
2009-07-31,0.0,0.0,0.0,0.0,0.0,26553.0,0.0
2009-07-31,0.0,0.0,0.0,0.0,1.0,54674.0,0.0
2009-07-31,0.0,0.0,0.0,1.0,0.0,228567.0,0.0
2009-07-31,0.0,0.0,1.0,0.0,0.0,131686.0,0.0
2009-07-31,0.0,1.0,0.0,0.0,0.0,47397.0,0.0
2009-07-31,1.0,0.0,0.0,0.0,0.0,342411.0,0.0
2009-07-31,0.0,0.0,0.0,0.0,0.0,2215103.0,1.0
2009-07-31,0.0,0.0,0.0,0.0,0.0,613080.0,1.0
2009-08-31,0.0,0.0,0.0,0.0,0.0,24316.0,0.0
2009-08-31,0.0,0.0,0.0,0.0,1.0,52491.0,0.0
2009-08-31,0.0,0.0,0.0,1.0,0.0,229553.0,0.0
2009-08-31,0.0,0.0,1.0,0.0,0.0,139820.0,0.0
2009-08-31,0.0,1.0,0.0,0.0,0.0,40989.0,0.0
2009-08-31,1.0,0.0,0.0,0.0,0.0,349536.0,0.0
2009-08-31,0.0,0.0,0.0,0.0,0.0,2193034.0,1.0
2009-08-31,0.0,0.0,0.0,0.0,0.0,629640.0,1.0
2009-09-30,0.0,0.0,0.0,0.0,0.0,19006.0,0.0
2009-09-30,0.0,0.0,0.0,0.0,1.0,32942.0,0.0
2009-09-30,0.0,0.0,0.0,1.0,0.0,216501.0,0.0
2009-09-30,0.0,0.0,1.0,0.0,0.0,116526.0,0.0
2009-09-30,0.0,1.0,0.0,0.0,0.0,39426.0,0.0
2009-09-30,1.0,0.0,0.0,0.0,0.0,299471.0,0.0
2009-09-30,0.0,0.0,0.0,0.0,0.0,1902453.0,1.0
2009-09-30,0.0,0.0,0.0,0.0,0.0,572721.0,1.0
2009-10-31,0.0,0.0,0.0,0.0,0.0,20780.0,0.0
2009-10-31,0.0,0.0,0.0,0.0,1.0,38567.0,0.0
2009-10-31,0.0,0.0,0.0,1.0,0.0,194743.0,0.0
2009-10-31,0.0,0.0,1.0,0.0,0.0,93641.0,0.0
2009-10-31,0.0,1.0,0.0,0.0,0.0,41347.0,0.0
2009-10-31,1.0,0.0,0.0,0.0,0.0,303930.0,0.0
2009-10-31,0.0,0.0,0.0,0.0,0.0,1964756.0,1.0
2009-10-31,0.0,0.0,0.0,0.0,0.0,601246.0,1.0
2009-11-30,0.0,0.0,0.0,0.0,0.0,23584.0,0.0
2009-11-30,0.0,0.0,0.0,0.0,1.0,53508.0,0.0
2009-11-30,0.0,0.0,0.0,1.0,0.0,136075.0,0.0
2009-11-30,0.0,0.0,1.0,0.0,0.0,66870.0,0.0
2009-11-30,0.0,1.0,0.0,0.0,0.0,38470.0,0.0
2009-11-30,1.0,0.0,0.0,0.0,0.0,295506.0,0.0
2009-11-30,0.0,0.0,0.0,0.0,0.0,1799735.0,1.0
2009-11-30,0.0,0.0,0.0,0.0,0.0,565765.0,1.0
2009-12-31,0.0,0.0,0.0,0.0,0.0,29757.0,0.0
2009-12-31,0.0,0.0,0.0,0.0,1.0,60194.0,0.0
2009-12-31,0.0,0.0,0.0,1.0,0.0,136801.0,0.0
2009-12-31,0.0,0.0,1.0,0.0,0.0,80570.0,0.0
2009-12-31,0.0,1.0,0.0,0.0,0.0,42144.0,0.0
2009-12-31,1.0,0.0,0.0,0.0,0.0,322350.0,0.0
2009-12-31,0.0,0.0,0.0,0.0,0.0,1839223.0,1.0
2009-12-31,0.0,0.0,0.0,0.0,0.0,572697.0,1.0
2010-01-31,0.0,0.0,0.0,0.0,0.0,27759.0,0.0
2010-01-31,0.0,0.0,0.0,0.0,1.0,55902.0,0.0
2010-01-31,0.0,0.0,0.0,1.0,0.0,131245.0,0.0
2010-01-31,0.0,0.0,1.0,0.0,0.0,70494.0,0.0
2010-01-31,0.0,1.0,0.0,0.0,0.0,43285.0,0.0
2010-01-31,1.0,0.0,0.0,0.0,0.0,330027.0,0.0
2010-01-31,0.0,0.0,0.0,0.0,0.0,1651178.0,1.0
2010-01-31,0.0,0.0,0.0,0.0,0.0,486676.0,1.0
2010-02-28,0.0,0.0,0.0,0.0,0.0,21236.0,0.0
2010-02-28,0.0,0.0,0.0,0.0,1.0,49450.0,0.0
2010-02-28,0.0,0.0,0.0,1.0,0.0,114061.0,0.0
2010-02-28,0.0,0.0,1.0,0.0,0.0,76072.0,0.0
2010-02-28,0.0,1.0,0.0,0.0,0.0,33335.0,0.0
2010-02-28,1.0,0.0,0.0,0.0,0.0,270593.0,0.0
2010-02-28,0.0,0.0,0.0,0.0,0.0,1512131.0,1.0
2010-02-28,0.0,0.0,0.0,0.0,0.0,447882.0,1.0
2010-03-31,0.0,0.0,0.0,0.0,0.0,26142.0,0.0
2010-03-31,0.0,0.0,0.0,0.0,1.0,56175.0,0.0
2010-03-31,0.0,0.0,0.0,1.0,0.0,148028.0,0.0
2010-03-31,0.0,0.0,1.0,0.0,0.0,91622.0,0.0
2010-03-31,0.0,1.0,0.0,0.0,0.0,35839.0,0.0
2010-03-31,1.0,0.0,0.0,0.0,0.0,319274.0,0.0
2010-03-31,0.0,0.0,0.0,0.0,0.0,1896566.0,1.0
2010-03-31,0.0,0.0,0.0,0.0,0.0,544718.0,1.0
2010-04-30,0.0,0.0,0.0,0.0,0.0,25288.0,0.0
2010-04-30,0.0,0.0,0.0,0.0,1.0,57233.0,0.0
2010-04-30,0.0,0.0,0.0,1.0,0.0,153201.0,0.0
2010-04-30,0.0,0.0,1.0,0.0,0.0,88906.0,0.0
2010-04-30,0.0,1.0,0.0,0.0,0.0,34316.0,0.0
2010-04-30,1.0,0.0,0.0,0.0,0.0,321783.0,0.0
2010-04-30,0.0,0.0,0.0,0.0,0.0,1921082.0,1.0
2010-04-30,0.0,0.0,0.0,0.0,0.0,549603.0,1.0
2010-05-31,0.0,0.0,0.0,0.0,0.0,26813.0,0.0
2010-05-31,0.0,0.0,0.0,0.0,1.0,54612.0,0.0
2010-05-31,0.0,0.0,0.0,1.0,0.0,196835.0,0.0
2010-05-31,0.0,0.0,1.0,0.0,0.0,111497.0,0.0
2010-05-31,0.0,1.0,0.0,0.0,0.0,32826.0,0.0
2010-05-31,1.0,0.0,0.0,0.0,0.0,357527.0,0.0
2010-05-31,0.0,0.0,0.0,0.0,0.0,2026698.0,1.0
2010-05-31,0.0,0.0,0.0,0.0,0.0,583906.0,1.0
2010-06-30,0.0,0.0,0.0,0.0,0.0,29523.0,0.0
2010-06-30,0.0,0.0,0.0,0.0,1.0,61117.0,0.0
2010-06-30,0.0,0.0,0.0,1.0,0.0,220261.0,0.0
2010-06-30,0.0,0.0,1.0,0.0,0.0,128650.0,0.0
2010-06-30,0.0,0.0,1.0,0.0,0.0,880.0,0.0
2010-06-30,0.0,1.0,0.0,0.0,0.0,37559.0,0.0
2010-06-30,1.0,0.0,0.0,0.0,0.0,372806.0,0.0
2010-06-30,0.0,0.0,0.0,0.0,0.0,2150478.0,1.0
2010-06-30,0.0,0.0,0.0,0.0,0.0,624998.0,1.0
2010-07-31,0.0,0.0,0.0,0.0,0.0,38959.0,0.0
2010-07-31,0.0,0.0,0.0,0.0,1.0,63685.0,0.0
2010-07-31,0.0,0.0,0.0,1.0,0.0,237451.0,0.0
2010-07-31,0.0,0.0,1.0,0.0,0.0,154306.0,0.0
2010-07-31,0.0,0.0,1.0,0.0,0.0,4570.0,0.0
2010-07-31,0.0,1.0,0.0,0.0,0.0,42524.0,0.0
2010-07-31,1.0,0.0,0.0,0.0,0.0,374474.0,0.0
2010-07-31,0.0,0.0,0.0,0.0,0.0,2223724.0,1.0
2010-07-31,0.0,0.0,0.0,0.0,0.0,639264.0,1.0
2010-08-31,0.0,0.0,0.0,0.0,0.0,36850.0,0.0
2010-08-31,0.0,0.0,0.0,0.0,1.0,53334.0,0.0
2010-08-31,0.0,0.0,0.0,1.0,0.0,235070.0,0.0
2010-08-31,0.0,0.0,1.0,0.0,0.0,149756.0,0.0
2010-08-31,0.0,0.0,1.0,0.0,0.0,5151.0,0.0
2010-08-31,0.0,1.0,0.0,0.0,0.0,38372.0,0.0
2010-08-31,1.0,0.0,0.0,0.0,0.0,375191.0,0.0
2010-08-31,0.0,0.0,0.0,0.0,0.0,2240338.0,1.0
2010-08-31,0.0,0.0,0.0,0.0,0.0,651284.0,1.0
2010-09-30,0.0,0.0,0.0,0.0,0.0,29993.0,0.0
2010-09-30,0.0,0.0,0.0,0.0,1.0,27395.0,0.0
2010-09-30,0.0,0.0,0.0,1.0,0.0,225171.0,0.0
2010-09-30,0.0,0.0,1.0,0.0,0.0,123674.0,0.0
2010-09-30,0.0,0.0,1.0,0.0,0.0,3365.0,0.0
2010-09-30,0.0,1.0,0.0,0.0,0.0,39918.0,0.0
2010-09-30,1.0,0.0,0.0,0.0,0.0,335665.0,0.0
2010-09-30,0.0,0.0,0.0,0.0,0.0,2010553.0,1.0
2010-09-30,0.0,0.0,0.0,0.0,0.0,571681.0,1.0
2010-10-31,0.0,0.0,0.0,0.0,0.0,30751.0,0.0
2010-10-31,0.0,0.0,0.0,0.0,1.0,29995.0,0.0
2010-10-31,0.0,0.0,0.0,1.0,0.0,217153.0,0.0
2010-10-31,0.0,0.0,1.0,0.0,0.0,112451.0,0.0
2010-10-31,0.0,0.0,1.0,0.0,0.0,4271.0,0.0
2010-10-31,0.0,1.0,0.0,0.0,0.0,39961.0,0.0
2010-10-31,1.0,0.0,0.0,0.0,0.0,346513.0,0.0
2010-10-31,0.0,0.0,0.0,0.0,0.0,2079744.0,1.0
2010-10-31,0.0,0.0,0.0,0.0,0.0,641436.0,1.0
2010-11-30,0.0,0.0,0.0,0.0,0.0,31186.0,0.0
2010-11-30,0.0,0.0,0.0,0.0,1.0,40671.0,0.0
2010-11-30,0.0,0.0,0.0,1.0,0.0,149442.0,0.0
2010-11-30,0.0,0.0,1.0,0.0,0.0,79983.0,0.0
2010-11-30,0.0,0.0,1.0,0.0,0.0,4050.0,0.0
2010-11-30,0.0,1.0,0.0,0.0,0.0,38222.0,0.0
2010-11-30,1.0,0.0,0.0,0.0,0.0,317583.0,0.0
2010-11-30,0.0,0.0,0.0,0.0,0.0,1896659.0,1.0
2010-11-30,0.0,0.0,0.0,0.0,0.0,614261.0,1.0
2010-12-31,0.0,0.0,0.0,0.0,0.0,37970.0,0.0
2010-12-31,0.0,0.0,0.0,0.0,1.0,47176.0,0.0
2010-12-31,0.0,0.0,0.0,0.0,1.0,1234.0,0.0
2010-12-31,0.0,0.0,0.0,1.0,0.0,141209.0,0.0
2010-12-31,0.0,0.0,1.0,0.0,0.0,89531.0,0.0
2010-12-31,0.0,0.0,1.0,0.0,0.0,5127.0,0.0
2010-12-31,0.0,1.0,0.0,0.0,0.0,45297.0,0.0
2010-12-31,1.0,0.0,0.0,0.0,0.0,328204.0,0.0
2010-12-31,0.0,0.0,0.0,0.0,0.0,1879049.0,1.0
2010-12-31,0.0,0.0,0.0,0.0,0.0,602299.0,1.0
2011-01-31,0.0,0.0,0.0,0.0,0.0,36453.0,0.0
2011-01-31,0.0,0.0,0.0,0.0,1.0,38283.0,0.0
2011-01-31,0.0,0.0,0.0,0.0,1.0,3988.0,0.0
2011-01-31,0.0,0.0,0.0,1.0,0.0,149762.0,0.0
2011-01-31,0.0,0.0,1.0,0.0,0.0,80254.0,0.0
2011-01-31,0.0,0.0,1.0,0.0,0.0,2924.0,0.0
2011-01-31,0.0,1.0,0.0,0.0,0.0,47519.0,0.0
2011-01-31,1.0,0.0,0.0,0.0,0.0,340501.0,0.0
2011-01-31,0.0,0.0,0.0,0.0,0.0,1683994.0,1.0
2011-01-31,0.0,0.0,0.0,0.0,0.0,510294.0,1.0
2011-02-28,0.0,0.0,0.0,0.0,0.0,29800.0,0.0
2011-02-28,0.0,0.0,0.0,0.0,1.0,31872.0,0.0
2011-02-28,0.0,0.0,0.0,0.0,1.0,7551.0,0.0
2011-02-28,0.0,0.0,0.0,1.0,0.0,125445.0,0.0
2011-02-28,0.0,0.0,1.0,0.0,0.0,78181.0,0.0
2011-02-28,0.0,0.0,1.0,0.0,0.0,3382.0,0.0
2011-02-28,0.0,1.0,0.0,0.0,0.0,38131.0,0.0
2011-02-28,1.0,0.0,0.0,0.0,0.0,272426.0,0.0
2011-02-28,0.0,0.0,0.0,0.0,0.0,1557324.0,1.0
2011-02-28,0.0,0.0,0.0,0.0,0.0,475081.0,1.0
2011-03-31,0.0,0.0,0.0,0.0,0.0,35042.0,0.0
2011-03-31,0.0,0.0,0.0,0.0,1.0,36728.0,0.0
2011-03-31,0.0,0.0,0.0,0.0,1.0,10180.0,0.0
2011-03-31,0.0,0.0,0.0,1.0,0.0,160234.0,0.0
2011-03-31,0.0,0.0,1.0,0.0,0.0,91664.0,0.0
2011-03-31,0.0,0.0,1.0,0.0,0.0,5619.0,0.0
2011-03-31,0.0,1.0,0.0,0.0,0.0,37812.0,0.0
2011-03-31,1.0,0.0,0.0,0.0,0.0,310773.0,0.0
2011-03-31,0.0,0.0,0.0,0.0,0.0,1873593.0,1.0
2011-03-31,0.0,0.0,0.0,0.0,0.0,577444.0,1.0
2011-04-30,0.0,0.0,0.0,0.0,0.0,32498.0,0.0
2011-04-30,0.0,0.0,0.0,0.0,1.0,40542.0,0.0
2011-04-30,0.0,0.0,0.0,0.0,1.0,6709.0,0.0
2011-04-30,0.0,0.0,0.0,1.0,0.0,202225.0,0.0
2011-04-30,0.0,0.0,1.0,0.0,0.0,88792.0,0.0
2011-04-30,0.0,0.0,1.0,0.0,0.0,846.0,0.0
2011-04-30,0.0,1.0,0.0,0.0,0.0,41034.0,0.0
2011-04-30,1.0,0.0,0.0,0.0,0.0,247313.0,0.0
2011-04-30,1.0,0.0,0.0,0.0,0.0,58007.0,0.0
2011-04-30,0.0,0.0,0.0,0.0,0.0,1893701.0,1.0
2011-04-30,0.0,0.0,0.0,0.0,0.0,597522.0,1.0
2011-05-31,0.0,0.0,0.0,0.0,0.0,34116.0,0.0
2011-05-31,0.0,0.0,0.0,0.0,1.0,38632.0,0.0
2011-05-31,0.0,0.0,0.0,0.0,1.0,6467.0,0.0
2011-05-31,0.0,0.0,0.0,1.0,0.0,231205.0,0.0
2011-05-31,0.0,0.0,1.0,0.0,0.0,115878.0,0.0
2011-05-31,0.0,1.0,0.0,0.0,0.0,31814.0,0.0
2011-05-31,1.0,0.0,0.0,0.0,0.0,360387.0,0.0
2011-05-31,0.0,0.0,0.0,0.0,0.0,2045404.0,1.0
2011-05-31,0.0,0.0,0.0,0.0,0.0,694118.0,1.0
2011-06-30,0.0,0.0,0.0,0.0,0.0,35597.0,0.0
2011-06-30,0.0,0.0,0.0,0.0,1.0,39303.0,0.0
2011-06-30,0.0,0.0,0.0,0.0,1.0,9404.0,0.0
2011-06-30,0.0,0.0,0.0,1.0,0.0,251750.0,0.0
2011-06-30,0.0,0.0,1.0,0.0,0.0,126548.0,0.0
2011-06-30,0.0,1.0,0.0,0.0,0.0,31686.0,0.0
2011-06-30,1.0,0.0,0.0,0.0,0.0,359692.0,0.0
2011-06-30,0.0,0.0,0.0,0.0,0.0,2198935.0,1.0
2011-06-30,0.0,0.0,0.0,0.0,0.0,724504.0,1.0
2011-07-31,0.0,0.0,0.0,0.0,0.0,38641.0,0.0
2011-07-31,0.0,0.0,0.0,0.0,1.0,49628.0,0.0
2011-07-31,0.0,0.0,0.0,0.0,1.0,9685.0,0.0
2011-07-31,0.0,0.0,0.0,1.0,0.0,255539.0,0.0
2011-07-31,0.0,0.0,1.0,0.0,0.0,146096.0,0.0
2011-07-31,0.0,1.0,0.0,0.0,0.0,34401.0,0.0
2011-07-31,1.0,0.0,0.0,0.0,0.0,366783.0,0.0
2011-07-31,0.0,0.0,0.0,0.0,0.0,2297026.0,1.0
2011-07-31,0.0,0.0,0.0,0.0,0.0,749220.0,1.0
2011-08-31,0.0,0.0,0.0,0.0,0.0,35587.0,0.0
2011-08-31,0.0,0.0,0.0,0.0,1.0,41414.0,0.0
2011-08-31,0.0,0.0,0.0,0.0,1.0,9267.0,0.0
2011-08-31,0.0,0.0,0.0,1.0,0.0,259056.0,0.0
2011-08-31,0.0,0.0,1.0,0.0,0.0,149448.0,0.0
2011-08-31,0.0,1.0,0.0,0.0,0.0,28027.0,0.0
2011-08-31,1.0,0.0,0.0,0.0,0.0,369794.0,0.0
2011-08-31,0.0,0.0,0.0,0.0,0.0,2297042.0,1.0
2011-08-31,0.0,0.0,0.0,0.0,0.0,741046.0,1.0
2011-09-30,0.0,0.0,0.0,0.0,0.0,28819.0,0.0
2011-09-30,0.0,0.0,0.0,0.0,1.0,29498.0,0.0
2011-09-30,0.0,0.0,0.0,0.0,1.0,5848.0,0.0
2011-09-30,0.0,0.0,0.0,1.0,0.0,246690.0,0.0
2011-09-30,0.0,0.0,1.0,0.0,0.0,123529.0,0.0
2011-09-30,0.0,1.0,0.0,0.0,0.0,32845.0,0.0
2011-09-30,1.0,0.0,0.0,0.0,0.0,320089.0,0.0
2011-09-30,0.0,0.0,0.0,0.0,0.0,2114500.0,1.0
2011-09-30,0.0,0.0,0.0,0.0,0.0,671715.0,1.0
2011-10-31,0.0,0.0,0.0,0.0,0.0,30225.0,0.0
2011-10-31,0.0,0.0,0.0,0.0,1.0,32096.0,0.0
2011-10-31,0.0,0.0,0.0,0.0,1.0,7156.0,0.0
2011-10-31,0.0,0.0,0.0,1.0,0.0,228967.0,0.0
2011-10-31,0.0,0.0,0.0,1.0,0.0,32.0,0.0
2011-10-31,0.0,0.0,1.0,0.0,0.0,116206.0,0.0
2011-10-31,0.0,1.0,0.0,0.0,0.0,33195.0,0.0
2011-10-31,1.0,0.0,0.0,0.0,0.0,329130.0,0.0
2011-10-31,0.0,0.0,0.0,0.0,0.0,2149444.0,1.0
2011-10-31,0.0,0.0,0.0,0.0,0.0,685243.0,1.0
2011-11-30,0.0,0.0,0.0,0.0,0.0,33079.0,0.0
2011-11-30,0.0,0.0,0.0,0.0,1.0,50786.0,0.0
2011-11-30,0.0,0.0,0.0,0.0,1.0,6928.0,0.0
2011-11-30,0.0,0.0,0.0,1.0,0.0,152502.0,0.0
2011-11-30,0.0,0.0,1.0,0.0,0.0,75339.0,0.0
2011-11-30,0.0,1.0,0.0,0.0,0.0,28513.0,0.0
2011-11-30,1.0,0.0,0.0,0.0,0.0,305836.0,0.0
2011-11-30,0.0,0.0,0.0,0.0,0.0,2017085.0,1.0
2011-11-30,0.0,0.0,0.0,0.0,0.0,664733.0,1.0
2011-12-31,0.0,0.0,0.0,0.0,0.0,38443.0,0.0
2011-12-31,0.0,0.0,0.0,0.0,1.0,55087.0,0.0
2011-12-31,0.0,0.0,0.0,0.0,1.0,18147.0,0.0
2011-12-31,0.0,0.0,0.0,1.0,0.0,157290.0,0.0
2011-12-31,0.0,0.0,1.0,0.0,0.0,82478.0,0.0
2011-12-31,0.0,1.0,0.0,0.0,0.0,37885.0,0.0
2011-12-31,1.0,0.0,0.0,0.0,0.0,333290.0,0.0
2011-12-31,0.0,0.0,0.0,0.0,0.0,2042216.0,1.0
2011-12-31,0.0,0.0,0.0,0.0,0.0,685984.0,1.0
2012-01-31,0.0,0.0,0.0,0.0,0.0,37810.0,0.0
2012-01-31,0.0,0.0,0.0,0.0,1.0,60571.0,0.0
2012-01-31,0.0,0.0,0.0,0.0,1.0,12015.0,0.0
2012-01-31,0.0,0.0,0.0,1.0,0.0,151769.0,0.0
2012-01-31,0.0,0.0,1.0,0.0,0.0,75272.0,0.0
2012-01-31,0.0,1.0,0.0,0.0,0.0,40232.0,0.0
2012-01-31,1.0,0.0,0.0,0.0,0.0,344470.0,0.0
2012-01-31,0.0,0.0,0.0,0.0,0.0,1866552.0,1.0
2012-01-31,0.0,0.0,0.0,0.0,0.0,629909.0,1.0
2012-02-29,0.0,0.0,0.0,0.0,0.0,33450.0,0.0
2012-02-29,0.0,0.0,0.0,0.0,1.0,50978.0,0.0
2012-02-29,0.0,0.0,0.0,0.0,1.0,12398.0,0.0
2012-02-29,0.0,0.0,0.0,1.0,0.0,127841.0,0.0
2012-02-29,0.0,0.0,1.0,0.0,0.0,75481.0,0.0
2012-02-29,0.0,1.0,0.0,0.0,0.0,30828.0,0.0
2012-02-29,1.0,0.0,0.0,0.0,0.0,287709.0,0.0
2012-02-29,0.0,0.0,0.0,0.0,0.0,1780797.0,1.0
2012-02-29,0.0,0.0,0.0,0.0,0.0,606282.0,1.0
2012-03-31,0.0,0.0,0.0,0.0,0.0,35776.0,0.0
2012-03-31,0.0,0.0,0.0,0.0,1.0,58225.0,0.0
2012-03-31,0.0,0.0,0.0,0.0,1.0,13268.0,0.0
2012-03-31,0.0,0.0,0.0,1.0,0.0,171675.0,0.0
2012-03-31,0.0,0.0,1.0,0.0,0.0,83717.0,0.0
2012-03-31,0.0,1.0,0.0,0.0,0.0,31691.0,0.0
2012-03-31,1.0,0.0,0.0,0.0,0.0,319213.0,0.0
2012-03-31,0.0,0.0,0.0,0.0,0.0,2056549.0,1.0
2012-03-31,0.0,0.0,0.0,0.0,0.0,710964.0,1.0
2012-04-30,0.0,0.0,0.0,0.0,0.0,31699.0,0.0
2012-04-30,0.0,0.0,0.0,0.0,1.0,59454.0,0.0
2012-04-30,0.0,0.0,0.0,0.0,1.0,13311.0,0.0
2012-04-30,0.0,0.0,0.0,1.0,0.0,211611.0,0.0
2012-04-30,0.0,0.0,1.0,0.0,0.0,83814.0,0.0
2012-04-30,0.0,1.0,0.0,0.0,0.0,30385.0,0.0
2012-04-30,1.0,0.0,0.0,0.0,0.0,334370.0,0.0
2012-04-30,0.0,0.0,0.0,0.0,0.0,2081975.0,1.0
2012-04-30,0.0,0.0,0.0,0.0,0.0,722854.0,1.0
2012-05-31,0.0,0.0,0.0,0.0,0.0,34810.0,0.0
2012-05-31,0.0,0.0,0.0,0.0,1.0,60865.0,0.0
2012-05-31,0.0,0.0,0.0,0.0,1.0,12378.0,0.0
2012-05-31,0.0,0.0,0.0,1.0,0.0,241977.0,0.0
2012-05-31,0.0,0.0,1.0,0.0,0.0,116683.0,0.0
2012-05-31,0.0,1.0,0.0,0.0,0.0,22321.0,0.0
2012-05-31,0.0,1.0,0.0,0.0,0.0,7188.0,0.0
2012-05-31,1.0,0.0,0.0,0.0,0.0,369744.0,0.0
2012-05-31,0.0,0.0,0.0,0.0,0.0,2211800.0,1.0
2012-05-31,0.0,0.0,0.0,0.0,0.0,747566.0,1.0
2012-06-30,0.0,0.0,0.0,0.0,0.0,37475.0,0.0
2012-06-30,0.0,0.0,0.0,0.0,1.0,63855.0,0.0
2012-06-30,0.0,0.0,0.0,0.0,1.0,13910.0,0.0
2012-06-30,0.0,0.0,0.0,1.0,0.0,265402.0,0.0
2012-06-30,0.0,0.0,1.0,0.0,0.0,128422.0,0.0
2012-06-30,0.0,1.0,0.0,0.0,0.0,31670.0,0.0
2012-06-30,1.0,0.0,0.0,0.0,0.0,380184.0,0.0
2012-06-30,0.0,0.0,0.0,0.0,0.0,2415424.0,1.0
2012-06-30,0.0,0.0,0.0,0.0,0.0,775969.0,1.0
2012-07-31,0.0,0.0,0.0,0.0,0.0,38743.0,0.0
2012-07-31,0.0,0.0,0.0,0.0,1.0,69296.0,0.0
2012-07-31,0.0,0.0,0.0,0.0,1.0,13977.0,0.0
2012-07-31,0.0,0.0,0.0,1.0,0.0,270723.0,0.0
2012-07-31,0.0,0.0,1.0,0.0,0.0,146632.0,0.0
2012-07-31,0.0,1.0,0.0,0.0,0.0,35396.0,0.0
2012-07-31,1.0,0.0,0.0,0.0,0.0,374297.0,0.0
2012-07-31,0.0,0.0,0.0,0.0,0.0,2530013.0,1.0
2012-07-31,0.0,0.0,0.0,0.0,0.0,811009.0,1.0
2012-08-31,0.0,0.0,0.0,0.0,0.0,37998.0,0.0
2012-08-31,0.0,0.0,0.0,0.0,1.0,62845.0,0.0
2012-08-31,0.0,0.0,0.0,0.0,1.0,11551.0,0.0
2012-08-31,0.0,0.0,0.0,1.0,0.0,273455.0,0.0
2012-08-31,0.0,0.0,1.0,0.0,0.0,153000.0,0.0
2012-08-31,0.0,1.0,0.0,0.0,0.0,32720.0,0.0
2012-08-31,1.0,0.0,0.0,0.0,0.0,383341.0,0.0
2012-08-31,0.0,0.0,0.0,0.0,0.0,2563118.0,1.0
2012-08-31,0.0,0.0,0.0,0.0,0.0,844341.0,1.0
2012-09-30,0.0,0.0,0.0,0.0,0.0,31172.0,0.0
2012-09-30,0.0,0.0,0.0,0.0,1.0,44273.0,0.0
2012-09-30,0.0,0.0,0.0,0.0,1.0,5633.0,0.0
2012-09-30,0.0,0.0,0.0,1.0,0.0,261029.0,0.0
2012-09-30,0.0,0.0,1.0,0.0,0.0,129594.0,0.0
2012-09-30,0.0,1.0,0.0,0.0,0.0,34955.0,0.0
2012-09-30,1.0,0.0,0.0,0.0,0.0,331381.0,0.0
2012-09-30,0.0,0.0,0.0,0.0,0.0,2264998.0,1.0
2012-09-30,0.0,0.0,0.0,0.0,0.0,728323.0,1.0
2012-10-31,0.0,0.0,0.0,0.0,0.0,32510.0,0.0
2012-10-31,0.0,0.0,0.0,0.0,1.0,56469.0,0.0
2012-10-31,0.0,0.0,0.0,0.0,1.0,7860.0,0.0
2012-10-31,0.0,0.0,0.0,1.0,0.0,228861.0,0.0
2012-10-31,0.0,0.0,1.0,0.0,0.0,110839.0,0.0
2012-10-31,0.0,1.0,0.0,0.0,0.0,32547.0,0.0
2012-10-31,1.0,0.0,0.0,0.0,0.0,341710.0,0.0
2012-10-31,0.0,0.0,0.0,0.0,0.0,2292716.0,1.0
2012-10-31,0.0,0.0,0.0,0.0,0.0,746138.0,1.0
2012-11-30,0.0,0.0,0.0,0.0,0.0,34440.0,0.0
2012-11-30,0.0,0.0,0.0,0.0,1.0,60319.0,0.0
2012-11-30,0.0,0.0,0.0,0.0,1.0,9637.0,0.0
2012-11-30,0.0,0.0,0.0,1.0,0.0,159121.0,0.0
2012-11-30,0.0,0.0,1.0,0.0,0.0,74420.0,0.0
2012-11-30,0.0,1.0,0.0,0.0,0.0,31450.0,0.0
2012-11-30,1.0,0.0,0.0,0.0,0.0,320071.0,0.0
2012-11-30,0.0,0.0,0.0,0.0,0.0,2084539.0,1.0
2012-11-30,0.0,0.0,0.0,0.0,0.0,708425.0,1.0
2012-12-31,0.0,0.0,0.0,0.0,0.0,38085.0,0.0
2012-12-31,0.0,0.0,0.0,0.0,1.0,63046.0,0.0
2012-12-31,0.0,0.0,0.0,0.0,1.0,14331.0,0.0
2012-12-31,0.0,0.0,0.0,1.0,0.0,154052.0,0.0
2012-12-31,0.0,0.0,1.0,0.0,0.0,82075.0,0.0
2012-12-31,0.0,1.0,0.0,0.0,0.0,39139.0,0.0
2012-12-31,1.0,0.0,0.0,0.0,0.0,341081.0,0.0
2012-12-31,0.0,0.0,0.0,0.0,0.0,2021115.0,1.0
2012-12-31,0.0,0.0,0.0,0.0,0.0,695842.0,1.0
2013-01-31,0.0,0.0,0.0,0.0,0.0,36432.0,0.0
2013-01-31,0.0,0.0,0.0,0.0,1.0,61646.0,0.0
2013-01-31,0.0,0.0,0.0,0.0,1.0,8876.0,0.0
2013-01-31,0.0,0.0,0.0,1.0,0.0,154520.0,0.0
2013-01-31,0.0,0.0,1.0,0.0,0.0,74165.0,0.0
2013-01-31,0.0,1.0,0.0,0.0,0.0,41443.0,0.0
2013-01-31,1.0,0.0,0.0,0.0,0.0,329796.0,0.0
2013-01-31,0.0,0.0,0.0,0.0,0.0,1897046.0,1.0
2013-01-31,0.0,0.0,0.0,0.0,0.0,605432.0,1.0
2013-02-28,0.0,0.0,0.0,0.0,0.0,24525.0,0.0
2013-02-28,0.0,0.0,0.0,0.0,0.0,9107.0,0.0
2013-02-28,0.0,0.0,0.0,0.0,1.0,50119.0,0.0
2013-02-28,0.0,0.0,0.0,0.0,1.0,7805.0,0.0
2013-02-28,0.0,0.0,0.0,1.0,0.0,127641.0,0.0
2013-02-28,0.0,0.0,1.0,0.0,0.0,73600.0,0.0
2013-02-28,0.0,0.0,1.0,0.0,0.0,1138.0,0.0
2013-02-28,0.0,1.0,0.0,0.0,0.0,32693.0,0.0
2013-02-28,1.0,0.0,0.0,0.0,0.0,286422.0,0.0
2013-02-28,0.0,0.0,0.0,0.0,0.0,1780550.0,1.0
2013-02-28,0.0,0.0,0.0,0.0,0.0,575351.0,1.0
2013-03-31,0.0,0.0,0.0,0.0,0.0,37207.0,0.0
2013-03-31,0.0,0.0,0.0,0.0,1.0,62183.0,0.0
2013-03-31,0.0,0.0,0.0,0.0,1.0,9202.0,0.0
2013-03-31,0.0,0.0,0.0,1.0,0.0,174402.0,0.0
2013-03-31,0.0,0.0,1.0,0.0,0.0,84485.0,0.0
2013-03-31,0.0,1.0,0.0,0.0,0.0,32805.0,0.0
2013-03-31,1.0,0.0,0.0,0.0,0.0,333053.0,0.0
2013-03-31,0.0,0.0,0.0,0.0,0.0,2156959.0,1.0
2013-03-31,0.0,0.0,0.0,0.0,0.0,709672.0,1.0
2013-04-30,0.0,0.0,0.0,0.0,0.0,30799.0,0.0
2013-04-30,0.0,0.0,0.0,0.0,1.0,58636.0,0.0
2013-04-30,0.0,0.0,0.0,0.0,1.0,7681.0,0.0
2013-04-30,0.0,0.0,0.0,1.0,0.0,214926.0,0.0
2013-04-30,0.0,0.0,1.0,0.0,0.0,85225.0,0.0
2013-04-30,0.0,1.0,0.0,0.0,0.0,31584.0,0.0
2013-04-30,1.0,0.0,0.0,0.0,0.0,322439.0,0.0
2013-04-30,0.0,0.0,0.0,0.0,0.0,2144086.0,1.0
2013-04-30,0.0,0.0,0.0,0.0,0.0,714167.0,1.0
2013-05-31,0.0,0.0,0.0,0.0,0.0,33169.0,0.0
2013-05-31,0.0,0.0,0.0,0.0,1.0,58365.0,0.0
2013-05-31,0.0,0.0,0.0,0.0,1.0,6858.0,0.0
2013-05-31,0.0,0.0,0.0,1.0,0.0,274498.0,0.0
2013-05-31,0.0,0.0,1.0,0.0,0.0,120107.0,0.0
2013-05-31,0.0,1.0,0.0,0.0,0.0,32605.0,0.0
2013-05-31,1.0,0.0,0.0,0.0,0.0,355814.0,0.0
2013-05-31,0.0,0.0,0.0,0.0,0.0,2292362.0,1.0
2013-05-31,0.0,0.0,0.0,0.0,0.0,761121.0,1.0
2013-06-30,0.0,0.0,0.0,0.0,0.0,35054.0,0.0
2013-06-30,0.0,0.0,0.0,0.0,1.0,60826.0,0.0
2013-06-30,0.0,0.0,0.0,0.0,1.0,10355.0,0.0
2013-06-30,0.0,0.0,0.0,1.0,0.0,291991.0,0.0
2013-06-30,0.0,0.0,1.0,0.0,0.0,126191.0,0.0
2013-06-30,0.0,1.0,0.0,0.0,0.0,35869.0,0.0
2013-06-30,1.0,0.0,0.0,0.0,0.0,367373.0,0.0
2013-06-30,1.0,0.0,0.0,0.0,0.0,7678.0,0.0
2013-06-30,0.0,0.0,0.0,0.0,0.0,2425851.0,1.0
2013-06-30,0.0,0.0,0.0,0.0,0.0,793965.0,1.0
2013-07-31,0.0,0.0,0.0,0.0,0.0,37532.0,0.0
2013-07-31,0.0,0.0,0.0,0.0,1.0,68487.0,0.0
2013-07-31,0.0,0.0,0.0,0.0,1.0,9788.0,0.0
2013-07-31,0.0,0.0,0.0,1.0,0.0,292200.0,0.0
2013-07-31,0.0,0.0,1.0,0.0,0.0,144979.0,0.0
2013-07-31,0.0,1.0,0.0,0.0,0.0,38422.0,0.0
2013-07-31,1.0,0.0,0.0,0.0,0.0,365287.0,0.0
2013-07-31,0.0,0.0,0.0,0.0,0.0,2445686.0,1.0
2013-07-31,0.0,0.0,0.0,0.0,0.0,778734.0,1.0
2013-08-31,0.0,0.0,0.0,0.0,0.0,38677.0,0.0
2013-08-31,0.0,0.0,0.0,0.0,1.0,65393.0,0.0
2013-08-31,0.0,0.0,0.0,0.0,1.0,8017.0,0.0
2013-08-31,0.0,0.0,0.0,1.0,0.0,302425.0,0.0
2013-08-31,0.0,0.0,1.0,0.0,0.0,157375.0,0.0
2013-08-31,0.0,1.0,0.0,0.0,0.0,37433.0,0.0
2013-08-31,1.0,0.0,0.0,0.0,0.0,375635.0,0.0
2013-08-31,0.0,0.0,0.0,0.0,0.0,2554658.0,1.0
2013-08-31,0.0,0.0,0.0,0.0,0.0,811488.0,1.0
2013-09-30,0.0,0.0,0.0,0.0,0.0,33018.0,0.0
2013-09-30,0.0,0.0,0.0,0.0,1.0,49262.0,0.0
2013-09-30,0.0,0.0,0.0,0.0,1.0,3825.0,0.0
2013-09-30,0.0,0.0,0.0,1.0,0.0,285642.0,0.0
2013-09-30,0.0,0.0,1.0,0.0,0.0,131667.0,0.0
2013-09-30,0.0,1.0,0.0,0.0,0.0,38482.0,0.0
2013-09-30,1.0,0.0,0.0,0.0,0.0,317920.0,0.0
2013-09-30,0.0,0.0,0.0,0.0,0.0,2217559.0,1.0
2013-09-30,0.0,0.0,0.0,0.0,0.0,708104.0,1.0
2013-10-31,0.0,0.0,0.0,0.0,0.0,32550.0,0.0
2013-10-31,0.0,0.0,0.0,0.0,1.0,57946.0,0.0
2013-10-31,0.0,0.0,0.0,0.0,1.0,6639.0,0.0
2013-10-31,0.0,0.0,0.0,1.0,0.0,258623.0,0.0
2013-10-31,0.0,0.0,1.0,0.0,0.0,118638.0,0.0
2013-10-31,0.0,1.0,0.0,0.0,0.0,35271.0,0.0
2013-10-31,1.0,0.0,0.0,0.0,0.0,328172.0,0.0
2013-10-31,0.0,0.0,0.0,0.0,0.0,2337567.0,1.0
2013-10-31,0.0,0.0,0.0,0.0,0.0,751035.0,1.0
2013-11-30,0.0,0.0,0.0,0.0,0.0,33824.0,0.0
2013-11-30,0.0,0.0,0.0,0.0,1.0,64528.0,0.0
2013-11-30,0.0,0.0,0.0,0.0,1.0,8013.0,0.0
2013-11-30,0.0,0.0,0.0,1.0,0.0,167612.0,0.0
2013-11-30,0.0,0.0,1.0,0.0,0.0,80822.0,0.0
2013-11-30,0.0,1.0,0.0,0.0,0.0,34645.0,0.0
2013-11-30,1.0,0.0,0.0,0.0,0.0,317107.0,0.0
2013-11-30,0.0,0.0,0.0,0.0,0.0,2095107.0,1.0
2013-11-30,0.0,0.0,0.0,0.0,0.0,668824.0,1.0
2013-12-31,0.0,0.0,0.0,0.0,0.0,35902.0,0.0
2013-12-31,0.0,0.0,0.0,0.0,1.0,81520.0,0.0
2013-12-31,0.0,0.0,0.0,0.0,1.0,8079.0,0.0
2013-12-31,0.0,0.0,0.0,1.0,0.0,175733.0,0.0
2013-12-31,0.0,0.0,1.0,0.0,0.0,88161.0,0.0
2013-12-31,0.0,1.0,0.0,0.0,0.0,39967.0,0.0
2013-12-31,1.0,0.0,0.0,0.0,0.0,348288.0,0.0
2013-12-31,0.0,0.0,0.0,0.0,0.0,2286398.0,1.0
2013-12-31,0.0,0.0,0.0,0.0,0.0,755228.0,1.0
2014-01-31,0.0,0.0,0.0,0.0,0.0,37158.0,0.0
2014-01-31,0.0,0.0,0.0,0.0,1.0,74499.0,0.0
2014-01-31,0.0,0.0,0.0,0.0,1.0,6839.0,0.0
2014-01-31,0.0,0.0,0.0,1.0,0.0,166310.0,0.0
2014-01-31,0.0,0.0,1.0,0.0,0.0,83299.0,0.0
2014-01-31,0.0,1.0,0.0,0.0,0.0,40257.0,0.0
2014-01-31,1.0,0.0,0.0,0.0,0.0,358787.0,0.0
2014-01-31,0.0,0.0,0.0,0.0,0.0,2049281.0,1.0
2014-01-31,0.0,0.0,0.0,0.0,0.0,621706.0,1.0
2014-02-28,0.0,0.0,0.0,0.0,0.0,32934.0,0.0
2014-02-28,0.0,0.0,0.0,0.0,1.0,65718.0,0.0
2014-02-28,0.0,0.0,0.0,0.0,1.0,6388.0,0.0
2014-02-28,0.0,0.0,0.0,1.0,0.0,147528.0,0.0
2014-02-28,0.0,0.0,1.0,0.0,0.0,84713.0,0.0
2014-02-28,0.0,1.0,0.0,0.0,0.0,33490.0,0.0
2014-02-28,1.0,0.0,0.0,0.0,0.0,300030.0,0.0
2014-02-28,0.0,0.0,0.0,0.0,0.0,1837568.0,1.0
2014-02-28,0.0,0.0,0.0,0.0,0.0,573477.0,1.0
2014-03-31,0.0,0.0,0.0,0.0,0.0,35989.0,0.0
2014-03-31,0.0,0.0,0.0,0.0,1.0,81746.0,0.0
2014-03-31,0.0,0.0,0.0,0.0,1.0,9357.0,0.0
2014-03-31,0.0,0.0,0.0,1.0,0.0,184265.0,0.0
2014-03-31,0.0,0.0,1.0,0.0,0.0,96420.0,0.0
2014-03-31,0.0,1.0,0.0,0.0,0.0,36423.0,0.0
2014-03-31,1.0,0.0,0.0,0.0,0.0,338404.0,0.0
2014-03-31,0.0,0.0,0.0,0.0,0.0,2273363.0,1.0
2014-03-31,0.0,0.0,0.0,0.0,0.0,715607.0,1.0
2014-04-30,0.0,0.0,0.0,0.0,0.0,29205.0,0.0
2014-04-30,0.0,0.0,0.0,0.0,1.0,77278.0,0.0
2014-04-30,0.0,0.0,0.0,0.0,1.0,9581.0,0.0
2014-04-30,0.0,0.0,0.0,1.0,0.0,227225.0,0.0
2014-04-30,0.0,0.0,1.0,0.0,0.0,96091.0,0.0
2014-04-30,0.0,1.0,0.0,0.0,0.0,30452.0,0.0
2014-04-30,1.0,0.0,0.0,0.0,0.0,338007.0,0.0
2014-04-30,0.0,0.0,0.0,0.0,0.0,2344494.0,1.0
2014-04-30,0.0,0.0,0.0,0.0,0.0,735049.0,1.0
2014-05-31,0.0,0.0,0.0,0.0,0.0,29921.0,0.0
2014-05-31,0.0,0.0,0.0,0.0,1.0,74137.0,0.0
2014-05-31,0.0,0.0,0.0,0.0,1.0,9996.0,0.0
2014-05-31,0.0,0.0,0.0,1.0,0.0,279042.0,0.0
2014-05-31,0.0,0.0,1.0,0.0,0.0,137342.0,0.0
2014-05-31,0.0,1.0,0.0,0.0,0.0,32950.0,0.0
2014-05-31,1.0,0.0,0.0,0.0,0.0,372286.0,0.0
2014-05-31,0.0,0.0,0.0,0.0,0.0,2434163.0,1.0
2014-05-31,0.0,0.0,0.0,0.0,0.0,781566.0,1.0
2014-06-30,0.0,0.0,0.0,0.0,0.0,30614.0,0.0
2014-06-30,0.0,0.0,0.0,0.0,1.0,88267.0,0.0
2014-06-30,0.0,0.0,0.0,0.0,1.0,10132.0,0.0
2014-06-30,0.0,0.0,0.0,1.0,0.0,300987.0,0.0
2014-06-30,0.0,0.0,1.0,0.0,0.0,143299.0,0.0
2014-06-30,0.0,1.0,0.0,0.0,0.0,32537.0,0.0
2014-06-30,1.0,0.0,0.0,0.0,0.0,378822.0,0.0
2014-06-30,0.0,0.0,0.0,0.0,0.0,2528888.0,1.0
2014-06-30,0.0,0.0,0.0,0.0,0.0,813673.0,1.0
2014-07-31,0.0,0.0,0.0,0.0,0.0,29750.0,0.0
2014-07-31,0.0,0.0,0.0,0.0,1.0,100153.0,0.0
2014-07-31,0.0,0.0,0.0,0.0,1.0,10517.0,0.0
2014-07-31,0.0,0.0,0.0,1.0,0.0,306423.0,0.0
2014-07-31,0.0,0.0,1.0,0.0,0.0,162228.0,0.0
2014-07-31,0.0,1.0,0.0,0.0,0.0,34216.0,0.0
2014-07-31,1.0,0.0,0.0,0.0,0.0,381099.0,0.0
2014-07-31,0.0,0.0,0.0,0.0,0.0,2653262.0,1.0
2014-07-31,0.0,0.0,0.0,0.0,0.0,828570.0,1.0
2014-08-31,0.0,0.0,0.0,0.0,0.0,31673.0,0.0
2014-08-31,0.0,0.0,0.0,0.0,1.0,87641.0,0.0
2014-08-31,0.0,0.0,0.0,0.0,1.0,8939.0,0.0
2014-08-31,0.0,0.0,0.0,1.0,0.0,312366.0,0.0
2014-08-31,0.0,0.0,1.0,0.0,0.0,167764.0,0.0
2014-08-31,0.0,1.0,0.0,0.0,0.0,31090.0,0.0
2014-08-31,1.0,0.0,0.0,0.0,0.0,391380.0,0.0
2014-08-31,0.0,0.0,0.0,0.0,0.0,2677401.0,1.0
2014-08-31,0.0,0.0,0.0,0.0,0.0,817672.0,1.0
2014-09-30,0.0,0.0,0.0,0.0,0.0,28493.0,0.0
2014-09-30,0.0,0.0,0.0,0.0,1.0,49660.0,0.0
2014-09-30,0.0,0.0,0.0,0.0,1.0,2076.0,0.0
2014-09-30,0.0,0.0,0.0,1.0,0.0,285629.0,0.0
2014-09-30,0.0,0.0,1.0,0.0,0.0,141555.0,0.0
2014-09-30,0.0,1.0,0.0,0.0,0.0,30671.0,0.0
2014-09-30,1.0,0.0,0.0,0.0,0.0,338003.0,0.0
2014-09-30,0.0,0.0,0.0,0.0,0.0,2311938.0,1.0
2014-09-30,0.0,0.0,0.0,0.0,0.0,731460.0,1.0
2014-10-31,0.0,0.0,0.0,0.0,0.0,32088.0,0.0
2014-10-31,0.0,0.0,0.0,0.0,1.0,55652.0,0.0
2014-10-31,0.0,0.0,0.0,0.0,1.0,2694.0,0.0
2014-10-31,0.0,0.0,0.0,1.0,0.0,262656.0,0.0
2014-10-31,0.0,0.0,1.0,0.0,0.0,122854.0,0.0
2014-10-31,0.0,1.0,0.0,0.0,0.0,31382.0,0.0
2014-10-31,1.0,0.0,0.0,0.0,0.0,335915.0,0.0
2014-10-31,0.0,0.0,0.0,0.0,0.0,2457556.0,1.0
2014-10-31,0.0,0.0,0.0,0.0,0.0,759087.0,1.0
2014-11-30,0.0,0.0,0.0,0.0,0.0,33500.0,0.0
2014-11-30,0.0,0.0,0.0,0.0,1.0,70217.0,0.0
2014-11-30,0.0,0.0,0.0,0.0,1.0,7669.0,0.0
2014-11-30,0.0,0.0,0.0,1.0,0.0,184332.0,0.0
2014-11-30,0.0,0.0,1.0,0.0,0.0,85102.0,0.0
2014-11-30,0.0,1.0,0.0,0.0,0.0,29894.0,0.0
2014-11-30,1.0,0.0,0.0,0.0,0.0,321116.0,0.0
2014-11-30,0.0,0.0,0.0,0.0,0.0,2187381.0,1.0
2014-11-30,0.0,0.0,0.0,0.0,0.0,709908.0,1.0
2014-12-31,0.0,0.0,0.0,0.0,0.0,51840.0,0.0
2014-12-31,0.0,0.0,0.0,0.0,1.0,78869.0,0.0
2014-12-31,0.0,0.0,0.0,0.0,1.0,7586.0,0.0
2014-12-31,0.0,0.0,0.0,1.0,0.0,185574.0,0.0
2014-12-31,0.0,0.0,1.0,0.0,0.0,96989.0,0.0
2014-12-31,0.0,1.0,0.0,0.0,0.0,36877.0,0.0
2014-12-31,1.0,0.0,0.0,0.0,0.0,357022.0,0.0
2014-12-31,0.0,0.0,0.0,0.0,0.0,2293514.0,1.0
2014-12-31,0.0,0.0,0.0,0.0,0.0,748637.0,1.0
2015-01-31,0.0,0.0,0.0,0.0,0.0,53594.0,0.0
2015-01-31,0.0,0.0,0.0,0.0,1.0,73875.0,0.0
2015-01-31,0.0,0.0,0.0,0.0,1.0,8158.0,0.0
2015-01-31,0.0,0.0,0.0,1.0,0.0,184133.0,0.0
2015-01-31,0.0,0.0,1.0,0.0,0.0,87290.0,0.0
2015-01-31,0.0,1.0,0.0,0.0,0.0,39539.0,0.0
2015-01-31,1.0,0.0,0.0,0.0,0.0,361057.0,0.0
2015-01-31,0.0,0.0,0.0,0.0,0.0,2073357.0,1.0
2015-01-31,0.0,0.0,0.0,0.0,0.0,670069.0,1.0
2015-02-28,0.0,0.0,0.0,0.0,0.0,43812.0,0.0
2015-02-28,0.0,0.0,0.0,0.0,1.0,63773.0,0.0
2015-02-28,0.0,0.0,0.0,0.0,1.0,8681.0,0.0
2015-02-28,0.0,0.0,0.0,1.0,0.0,159371.0,0.0
2015-02-28,0.0,0.0,1.0,0.0,0.0,85886.0,0.0
2015-02-28,0.0,1.0,0.0,0.0,0.0,34391.0,0.0
2015-02-28,1.0,0.0,0.0,0.0,0.0,323674.0,0.0
2015-02-28,0.0,0.0,0.0,0.0,0.0,1900861.0,1.0
2015-02-28,0.0,0.0,0.0,0.0,0.0,628085.0,1.0
2015-03-31,0.0,0.0,0.0,0.0,0.0,48085.0,0.0
2015-03-31,0.0,0.0,0.0,0.0,1.0,78177.0,0.0
2015-03-31,0.0,0.0,0.0,0.0,1.0,8368.0,0.0
2015-03-31,0.0,0.0,0.0,1.0,0.0,203643.0,0.0
2015-03-31,0.0,0.0,1.0,0.0,0.0,107545.0,0.0
2015-03-31,0.0,1.0,0.0,0.0,0.0,32929.0,0.0
2015-03-31,1.0,0.0,0.0,0.0,0.0,365079.0,0.0
2015-03-31,0.0,0.0,0.0,0.0,0.0,2370477.0,1.0
2015-03-31,0.0,0.0,0.0,0.0,0.0,788429.0,1.0
2015-04-30,0.0,0.0,0.0,0.0,0.0,45802.0,0.0
2015-04-30,0.0,0.0,0.0,0.0,1.0,79598.0,0.0
2015-04-30,0.0,0.0,0.0,0.0,1.0,9204.0,0.0
2015-04-30,0.0,0.0,0.0,1.0,0.0,248319.0,0.0
2015-04-30,0.0,0.0,1.0,0.0,0.0,106990.0,0.0
2015-04-30,0.0,1.0,0.0,0.0,0.0,28856.0,0.0
2015-04-30,1.0,0.0,0.0,0.0,0.0,347335.0,0.0
2015-04-30,0.0,0.0,0.0,0.0,0.0,2361785.0,1.0
2015-04-30,0.0,0.0,0.0,0.0,0.0,794881.0,1.0
2015-05-31,0.0,0.0,0.0,0.0,0.0,52582.0,0.0
2015-05-31,0.0,0.0,0.0,0.0,1.0,73437.0,0.0
2015-05-31,0.0,0.0,0.0,0.0,1.0,7495.0,0.0
2015-05-31,0.0,0.0,0.0,1.0,0.0,301502.0,0.0
2015-05-31,0.0,0.0,1.0,0.0,0.0,150263.0,0.0
2015-05-31,0.0,1.0,0.0,0.0,0.0,29417.0,0.0
2015-05-31,1.0,0.0,0.0,0.0,0.0,388857.0,0.0
2015-05-31,0.0,0.0,0.0,0.0,0.0,2524550.0,1.0
2015-05-31,0.0,0.0,0.0,0.0,0.0,833519.0,1.0
2015-06-30,0.0,0.0,0.0,0.0,0.0,53864.0,0.0
2015-06-30,0.0,0.0,0.0,0.0,1.0,78342.0,0.0
2015-06-30,0.0,0.0,0.0,0.0,1.0,8335.0,0.0
2015-06-30,0.0,0.0,0.0,1.0,0.0,338592.0,0.0
2015-06-30,0.0,0.0,1.0,0.0,0.0,166205.0,0.0
2015-06-30,0.0,1.0,0.0,0.0,0.0,30415.0,0.0
2015-06-30,1.0,0.0,0.0,0.0,0.0,394980.0,0.0
2015-06-30,0.0,0.0,0.0,0.0,0.0,2642886.0,1.0
2015-06-30,0.0,0.0,0.0,0.0,0.0,846021.0,1.0
2015-07-31,0.0,0.0,0.0,0.0,0.0,58506.0,0.0
2015-07-31,0.0,0.0,0.0,0.0,1.0,88111.0,0.0
2015-07-31,0.0,0.0,0.0,0.0,1.0,12303.0,0.0
2015-07-31,0.0,0.0,0.0,1.0,0.0,361251.0,0.0
2015-07-31,0.0,0.0,1.0,0.0,0.0,186516.0,0.0
2015-07-31,0.0,1.0,0.0,0.0,0.0,33700.0,0.0
2015-07-31,1.0,0.0,0.0,0.0,0.0,398966.0,0.0
2015-07-31,0.0,0.0,0.0,0.0,0.0,2790337.0,1.0
2015-07-31,0.0,0.0,0.0,0.0,0.0,872741.0,1.0
2015-08-31,0.0,0.0,0.0,0.0,0.0,57585.0,0.0
2015-08-31,0.0,0.0,0.0,0.0,1.0,80597.0,0.0
2015-08-31,0.0,0.0,0.0,0.0,1.0,8082.0,0.0
2015-08-31,0.0,0.0,0.0,1.0,0.0,363172.0,0.0
2015-08-31,0.0,0.0,1.0,0.0,0.0,187971.0,0.0
2015-08-31,0.0,1.0,0.0,0.0,0.0,29559.0,0.0
2015-08-31,1.0,0.0,0.0,0.0,0.0,410205.0,0.0
2015-08-31,0.0,0.0,0.0,0.0,0.0,2762959.0,1.0
2015-08-31,0.0,0.0,0.0,0.0,0.0,897354.0,1.0
2015-09-30,0.0,0.0,0.0,0.0,0.0,43040.0,0.0
2015-09-30,0.0,0.0,0.0,0.0,1.0,50695.0,0.0
2015-09-30,0.0,0.0,0.0,0.0,1.0,3867.0,0.0
2015-09-30,0.0,0.0,0.0,1.0,0.0,325720.0,0.0
2015-09-30,0.0,0.0,1.0,0.0,0.0,154369.0,0.0
2015-09-30,0.0,1.0,0.0,0.0,0.0,31280.0,0.0
2015-09-30,1.0,0.0,0.0,0.0,0.0,344843.0,0.0
2015-09-30,0.0,0.0,0.0,0.0,0.0,2431059.0,1.0
2015-09-30,0.0,0.0,0.0,0.0,0.0,817009.0,1.0
2015-10-31,0.0,0.0,0.0,0.0,0.0,48829.0,0.0
2015-10-31,0.0,0.0,0.0,0.0,1.0,64523.0,0.0
2015-10-31,0.0,0.0,0.0,0.0,1.0,6253.0,0.0
2015-10-31,0.0,0.0,0.0,1.0,0.0,299415.0,0.0
2015-10-31,0.0,0.0,1.0,0.0,0.0,131040.0,0.0
2015-10-31,0.0,1.0,0.0,0.0,0.0,29991.0,0.0
2015-10-31,1.0,0.0,0.0,0.0,0.0,372453.0,0.0
2015-10-31,0.0,0.0,0.0,0.0,0.0,2551897.0,1.0
2015-10-31,0.0,0.0,0.0,0.0,0.0,870676.0,1.0
2015-11-30,0.0,0.0,0.0,0.0,0.0,53011.0,0.0
2015-11-30,0.0,0.0,0.0,0.0,1.0,81985.0,0.0
2015-11-30,0.0,0.0,0.0,0.0,1.0,8089.0,0.0
2015-11-30,0.0,0.0,0.0,1.0,0.0,210406.0,0.0
2015-11-30,0.0,0.0,1.0,0.0,0.0,91815.0,0.0
2015-11-30,0.0,1.0,0.0,0.0,0.0,29870.0,0.0
2015-11-30,1.0,0.0,0.0,0.0,0.0,359848.0,0.0
2015-11-30,0.0,0.0,0.0,0.0,0.0,2337838.0,1.0
2015-11-30,0.0,0.0,0.0,0.0,0.0,841526.0,1.0
2015-12-31,0.0,0.0,0.0,0.0,0.0,63951.0,0.0
2015-12-31,0.0,0.0,0.0,0.0,1.0,90891.0,0.0
2015-12-31,0.0,0.0,0.0,0.0,1.0,9654.0,0.0
2015-12-31,0.0,0.0,0.0,1.0,0.0,210189.0,0.0
2015-12-31,0.0,0.0,1.0,0.0,0.0,104378.0,0.0
2015-12-31,0.0,1.0,0.0,0.0,0.0,42494.0,0.0
2015-12-31,1.0,0.0,0.0,0.0,0.0,393220.0,0.0
2015-12-31,0.0,0.0,0.0,0.0,0.0,2357446.0,1.0
2015-12-31,0.0,0.0,0.0,0.0,0.0,857239.0,1.0
2016-01-31,0.0,0.0,0.0,0.0,0.0,62406.0,0.0
2016-01-31,0.0,0.0,0.0,0.0,1.0,81609.0,0.0
2016-01-31,0.0,0.0,0.0,0.0,1.0,9757.0,0.0
2016-01-31,0.0,0.0,0.0,1.0,0.0,214782.0,0.0
2016-01-31,0.0,0.0,1.0,0.0,0.0,92099.0,0.0
2016-01-31,0.0,1.0,0.0,0.0,0.0,50659.0,0.0
2016-01-31,1.0,0.0,0.0,0.0,0.0,404603.0,0.0
2016-01-31,0.0,0.0,0.0,0.0,0.0,2076806.0,1.0
2016-01-31,0.0,0.0,0.0,0.0,0.0,756696.0,1.0
2016-02-29,0.0,0.0,0.0,0.0,0.0,50824.0,0.0
2016-02-29,0.0,0.0,0.0,0.0,1.0,71880.0,0.0
2016-02-29,0.0,0.0,0.0,0.0,1.0,9059.0,0.0
2016-02-29,0.0,0.0,0.0,1.0,0.0,182178.0,0.0
2016-02-29,0.0,0.0,1.0,0.0,0.0,93321.0,0.0
2016-02-29,0.0,1.0,0.0,0.0,0.0,41301.0,0.0
2016-02-29,1.0,0.0,0.0,0.0,0.0,348953.0,0.0
2016-02-29,0.0,0.0,0.0,0.0,0.0,2004617.0,1.0
2016-02-29,0.0,0.0,0.0,0.0,0.0,741618.0,1.0
2016-03-31,0.0,0.0,0.0,0.0,0.0,55856.0,0.0
2016-03-31,0.0,0.0,0.0,0.0,1.0,84771.0,0.0
2016-03-31,0.0,0.0,0.0,0.0,1.0,9439.0,0.0
2016-03-31,0.0,0.0,0.0,1.0,0.0,234650.0,0.0
2016-03-31,0.0,0.0,1.0,0.0,0.0,100735.0,0.0
2016-03-31,0.0,1.0,0.0,0.0,0.0,44321.0,0.0
2016-03-31,1.0,0.0,0.0,0.0,0.0,380026.0,0.0
2016-03-31,0.0,0.0,0.0,0.0,0.0,2376372.0,1.0
2016-03-31,0.0,0.0,0.0,0.0,0.0,851860.0,1.0
